{"cameraMode":{"drawMode":0,"name":"Shaded","section":"Shading Mode"},"sceneLighting":true,"audioPlay":false,"sceneViewState":{"showFog":true,"showMaterialUpdate":false,"showSkybox":true,"showFlares":true,"showImageEffects":true,"showParticleSystems":true},"in2DMode":false,"pivot":{"x":157.0532989501953,"y":173.3922882080078,"z":23.061294555664064},"rotation":{"x":-0.10198003053665161,"y":0.05397072061896324,"z":-0.005541535560041666,"w":-0.9933059215545654},"size":268.6005859375,"orthographic":false}